<?xml version="1.0" encoding="UTF-8"?>
<metadata xml:lang="pl"><Esri><CreaDate>20240118</CreaDate><CreaTime>23321100</CreaTime><ArcGISFormat>1.0</ArcGISFormat><SyncOnce>TRUE</SyncOnce><DataProperties><lineage><Process ToolSource="c:\program files\arcgis\pro\Resources\ArcToolbox\toolboxes\Data Management Tools.tbx\CopyFeatures" Date="20240118" Time="233211">CopyFeatures ZLOZA C:\Users\zuzan\OneDrive\Pulpit\projOWCZARZ\warstwy\ZLOZA.shp # # # #</Process></lineage></DataProperties></Esri></metadata>
